<?xml version="1.0" encoding="UTF-8" standalone="yes"?>
<w:document xmlns:wpc="http://schemas.microsoft.com/office/word/2010/wordprocessingCanvas" xmlns:mo="http://schemas.microsoft.com/office/mac/office/2008/main" xmlns:mc="http://schemas.openxmlformats.org/markup-compatibility/2006" xmlns:mv="urn:schemas-microsoft-com:mac:vml" xmlns:o="urn:schemas-microsoft-com:office:office" xmlns:r="http://schemas.openxmlformats.org/officeDocument/2006/relationships" xmlns:m="http://schemas.openxmlformats.org/officeDocument/2006/math" xmlns:v="urn:schemas-microsoft-com:vml" xmlns:wp14="http://schemas.microsoft.com/office/word/2010/wordprocessingDrawing" xmlns:wp="http://schemas.openxmlformats.org/drawingml/2006/wordprocessingDrawing" xmlns:w10="urn:schemas-microsoft-com:office:word" xmlns:w="http://schemas.openxmlformats.org/wordprocessingml/2006/main" xmlns:w14="http://schemas.microsoft.com/office/word/2010/wordml" xmlns:wpg="http://schemas.microsoft.com/office/word/2010/wordprocessingGroup" xmlns:wpi="http://schemas.microsoft.com/office/word/2010/wordprocessingInk" xmlns:wne="http://schemas.microsoft.com/office/word/2006/wordml" xmlns:wps="http://schemas.microsoft.com/office/word/2010/wordprocessingShape" mc:Ignorable="w14 wp14"><w:body><w:tbl><w:tblPr><w:tblStyle w:val="TableGrid"/><w:tblW w:w="0" w:type="auto"/><w:tblLook w:val="04A0" w:firstRow="1" w:lastRow="0" w:firstColumn="1" w:lastColumn="0" w:noHBand="0" w:noVBand="1"/></w:tblPr><w:tblGrid><w:gridCol w:w="1251"/><w:gridCol w:w="4527"/><w:gridCol w:w="2738"/></w:tblGrid><w:tr w:rsidR="002F18AE" w:rsidRPr="005D40E5" w14:paraId="2C00263B" w14:textId="77777777" w:rsidTr="005D40E5"><w:tc><w:tcPr><w:tcW w:w="1251" w:type="dxa"/><w:shd w:val="clear" w:color="auto" w:fill="D9D9D9" w:themeFill="background1" w:themeFillShade="D9"/></w:tcPr><w:p w14:paraId="33FD0458" w14:textId="77777777" w:rsidR="002F18AE" w:rsidRPr="005D40E5" w:rsidRDefault="002F18AE" w:rsidP="005D40E5"><w:pPr><w:jc w:val="center"/><w:rPr><w:b/></w:rPr></w:pPr><w:r w:rsidRPr="005D40E5"><w:rPr><w:b/></w:rPr><w:t>Metadata</w:t></w:r></w:p></w:tc><w:tc><w:tcPr><w:tcW w:w="4527" w:type="dxa"/><w:shd w:val="clear" w:color="auto" w:fill="D9D9D9" w:themeFill="background1" w:themeFillShade="D9"/></w:tcPr><w:p w14:paraId="0C9C7FFC" w14:textId="77777777" w:rsidR="002F18AE" w:rsidRPr="005D40E5" w:rsidRDefault="002F18AE" w:rsidP="005D40E5"><w:pPr><w:jc w:val="center"/><w:rPr><w:b/></w:rPr></w:pPr><w:r w:rsidRPr="005D40E5"><w:rPr><w:b/></w:rPr><w:t>Value</w:t></w:r></w:p></w:tc><w:tc><w:tcPr><w:tcW w:w="2738" w:type="dxa"/><w:shd w:val="clear" w:color="auto" w:fill="D9D9D9" w:themeFill="background1" w:themeFillShade="D9"/></w:tcPr><w:p w14:paraId="6AE69C1E" w14:textId="77777777" w:rsidR="002F18AE" w:rsidRPr="005D40E5" w:rsidRDefault="002F18AE" w:rsidP="005D40E5"><w:pPr><w:jc w:val="center"/><w:rPr><w:b/></w:rPr></w:pPr><w:r w:rsidRPr="005D40E5"><w:rPr><w:b/></w:rPr><w:t>Help</w:t></w:r></w:p></w:tc></w:tr><w:tr w:rsidR="002F18AE" w:rsidRPr="005D40E5" w14:paraId="55D0E658" w14:textId="77777777"><w:tc><w:tcPr><w:tcW w:w="1251" w:type="dxa"/></w:tcPr><w:p w14:paraId="1CC77EAD" w14:textId="77777777" w:rsidR="002F18AE" w:rsidRPr="005D40E5" w:rsidRDefault="002F18AE" w:rsidP="005D40E5"><w:r w:rsidRPr="005D40E5"><w:t>Title</w:t></w:r></w:p></w:tc><w:tc><w:tcPr><w:tcW w:w="4527" w:type="dxa"/></w:tcPr><w:p w14:paraId="2C537323" w14:textId="46274C03" w:rsidR="002F18AE" w:rsidRPr="005D40E5" w:rsidRDefault="00917B70" w:rsidP="005D40E5"><w:r w:rsidRPr="00917B70"><w:t>Refined Modern Bathroom Interiors</w:t></w:r></w:p></w:tc><w:tc><w:tcPr><w:tcW w:w="2738" w:type="dxa"/></w:tcPr><w:p w14:paraId="1874D9B6" w14:textId="77777777" w:rsidR="002F18AE" w:rsidRPr="005D40E5" w:rsidRDefault="006F0170" w:rsidP="005D40E5"><w:r w:rsidRPr="006F0170"><w:t>Please enter title of the article.</w:t></w:r></w:p></w:tc></w:tr><w:tr w:rsidR="002F18AE" w:rsidRPr="005D40E5" w14:paraId="4716D0C3" w14:textId="77777777"><w:tc><w:tcPr><w:tcW w:w="1251" w:type="dxa"/></w:tcPr><w:p w14:paraId="4A21A5E5" w14:textId="77777777" w:rsidR="002F18AE" w:rsidRPr="005D40E5" w:rsidRDefault="002F18AE" w:rsidP="005D40E5"><w:r w:rsidRPr="005D40E5"><w:t>Summary</w:t></w:r></w:p></w:tc><w:tc><w:tcPr><w:tcW w:w="4527" w:type="dxa"/></w:tcPr><w:p w14:paraId="07E61990" w14:textId="77777777" w:rsidR="002F18AE" w:rsidRPr="005D40E5" w:rsidRDefault="002F18AE" w:rsidP="005D40E5"><w:r w:rsidRPr="005D40E5"><w:t xml:space="preserve">FFIs continue to consider dropping US clients to save on </w:t></w:r><w:proofErr w:type="spellStart"/><w:r w:rsidRPr="005D40E5"><w:t>Fatca</w:t></w:r><w:proofErr w:type="spellEnd"/><w:r w:rsidRPr="005D40E5"><w:t xml:space="preserve"> compliance costs - but this could be a mistake, experts warn</w:t></w:r></w:p></w:tc><w:tc><w:tcPr><w:tcW w:w="2738" w:type="dxa"/></w:tcPr><w:p w14:paraId="216F54D9" w14:textId="77777777" w:rsidR="002F18AE" w:rsidRPr="005D40E5" w:rsidRDefault="006F0170" w:rsidP="005D40E5"><w:r w:rsidRPr="006F0170"><w:t>Please enter summary of the article.</w:t></w:r></w:p></w:tc></w:tr><w:tr w:rsidR="002F18AE" w:rsidRPr="005D40E5" w14:paraId="291B75D4" w14:textId="27E48F8F"><w:tc><w:tcPr><w:tcW w:w="1251" w:type="dxa"/></w:tcPr><w:p w14:paraId="5153B110" w14:textId="22ED1E45" w:rsidR="002F18AE" w:rsidRPr="005D40E5" w:rsidRDefault="00621412" w:rsidP="005D40E5"><w:r><w:t>Content Type</w:t></w:r></w:p></w:tc><w:tc><w:tcPr><w:tcW w:w="4527" w:type="dxa"/></w:tcPr><w:p w14:paraId="12BCA60E" w14:textId="2755AF44" w:rsidR="002F18AE" w:rsidRPr="005D40E5" w:rsidRDefault="006E3F11" w:rsidP="005D40E5"><w:r w:rsidRPr="006E3F11"><w:t>Beautiful home</w:t></w:r></w:p></w:tc><w:tc><w:tcPr><w:tcW w:w="2738" w:type="dxa"/></w:tcPr><w:p w14:paraId="6A3B287F" w14:textId="4C415334" w:rsidR="006F0170" w:rsidRDefault="00917B70" w:rsidP="005D40E5"><w:r><w:t>Please select any one of the content type</w:t></w:r><w:r w:rsidR="006F0170" w:rsidRPr="006F0170"><w:t xml:space="preserve"> </w:t></w:r><w:r w:rsidR="006F0170" w:rsidRPr="006F0170"><w:rPr><w:b/></w:rPr><w:t>exactly</w:t></w:r><w:r w:rsidR="006F0170" w:rsidRPr="006F0170"><w:t xml:space="preserve"> as mentioned below</w:t></w:r><w:r w:rsidR="006F0170"><w:t>,</w:t></w:r></w:p><w:p w14:paraId="0641E435" w14:textId="77777777" w:rsidR="00CE3BAB" w:rsidRPr="00CE3BAB" w:rsidRDefault="00CE3BAB" w:rsidP="00CE3BAB"><w:r w:rsidRPr="00CE3BAB"><w:t>Around the world</w:t></w:r></w:p><w:p w14:paraId="28DC8ACA" w14:textId="77777777" w:rsidR="00CE3BAB" w:rsidRPr="00CE3BAB" w:rsidRDefault="00CE3BAB" w:rsidP="00CE3BAB"><w:r w:rsidRPr="00CE3BAB"><w:t>Beautiful home</w:t></w:r></w:p><w:p w14:paraId="2FC53070" w14:textId="77777777" w:rsidR="00CE3BAB" w:rsidRPr="00CE3BAB" w:rsidRDefault="00CE3BAB" w:rsidP="00CE3BAB"><w:r w:rsidRPr="00CE3BAB"><w:t>Eco friendly design</w:t></w:r></w:p><w:p w14:paraId="3AE01659" w14:textId="77777777" w:rsidR="00CE3BAB" w:rsidRPr="00CE3BAB" w:rsidRDefault="00CE3BAB" w:rsidP="00CE3BAB"><w:r w:rsidRPr="00CE3BAB"><w:t>Editor's letter</w:t></w:r></w:p><w:p w14:paraId="41C6301F" w14:textId="77777777" w:rsidR="00CE3BAB" w:rsidRPr="00CE3BAB" w:rsidRDefault="00CE3BAB" w:rsidP="00CE3BAB"><w:r w:rsidRPr="00CE3BAB"><w:t>Environment</w:t></w:r></w:p><w:p w14:paraId="6B30DC4B" w14:textId="77777777" w:rsidR="00CE3BAB" w:rsidRPr="00CE3BAB" w:rsidRDefault="00CE3BAB" w:rsidP="00CE3BAB"><w:r w:rsidRPr="00CE3BAB"><w:t>Featured</w:t></w:r></w:p><w:p w14:paraId="4C800A94" w14:textId="77777777" w:rsidR="00CE3BAB" w:rsidRPr="00CE3BAB" w:rsidRDefault="00CE3BAB" w:rsidP="00CE3BAB"><w:r w:rsidRPr="00CE3BAB"><w:t>Home with professional</w:t></w:r></w:p><w:p w14:paraId="6722A7CE" w14:textId="77777777" w:rsidR="00CE3BAB" w:rsidRPr="00CE3BAB" w:rsidRDefault="00CE3BAB" w:rsidP="00CE3BAB"><w:r w:rsidRPr="00CE3BAB"><w:t>Issue magazine</w:t></w:r></w:p><w:p w14:paraId="378C7416" w14:textId="77777777" w:rsidR="00CE3BAB" w:rsidRPr="00CE3BAB" w:rsidRDefault="00CE3BAB" w:rsidP="00CE3BAB"><w:r w:rsidRPr="00CE3BAB"><w:t>Landscape designs &amp; gardening</w:t></w:r></w:p><w:p w14:paraId="224E3933" w14:textId="77777777" w:rsidR="00CE3BAB" w:rsidRPr="00CE3BAB" w:rsidRDefault="00CE3BAB" w:rsidP="00CE3BAB"><w:r w:rsidRPr="00CE3BAB"><w:t xml:space="preserve">Landscape designs &amp; gardening </w:t></w:r></w:p><w:p w14:paraId="2DF51EC3" w14:textId="77777777" w:rsidR="00CE3BAB" w:rsidRPr="00CE3BAB" w:rsidRDefault="00CE3BAB" w:rsidP="00CE3BAB"><w:r w:rsidRPr="00CE3BAB"><w:t>Need assistance</w:t></w:r></w:p><w:p w14:paraId="2FA9F263" w14:textId="77777777" w:rsidR="00CE3BAB" w:rsidRPr="00CE3BAB" w:rsidRDefault="00CE3BAB" w:rsidP="00CE3BAB"><w:r w:rsidRPr="00CE3BAB"><w:t>Office design</w:t></w:r></w:p><w:p w14:paraId="25C487C0" w14:textId="77777777" w:rsidR="00CE3BAB" w:rsidRPr="00CE3BAB" w:rsidRDefault="00CE3BAB" w:rsidP="00CE3BAB"><w:r w:rsidRPr="00CE3BAB"><w:t>Office spaces</w:t></w:r></w:p><w:p w14:paraId="7F9884AC" w14:textId="77777777" w:rsidR="00CE3BAB" w:rsidRPr="00CE3BAB" w:rsidRDefault="00CE3BAB" w:rsidP="00CE3BAB"><w:r w:rsidRPr="00CE3BAB"><w:t>Pro</w:t></w:r></w:p><w:p w14:paraId="1926B5F8" w14:textId="77777777" w:rsidR="00CE3BAB" w:rsidRPr="00CE3BAB" w:rsidRDefault="00CE3BAB" w:rsidP="00CE3BAB"><w:r w:rsidRPr="00CE3BAB"><w:t>Profiles</w:t></w:r></w:p><w:p w14:paraId="6FBC61B0" w14:textId="7D1FABC1" w:rsidR="002F18AE" w:rsidRPr="005D40E5" w:rsidRDefault="00CE3BAB" w:rsidP="00CE3BAB"><w:r w:rsidRPr="00CE3BAB"><w:t>Resort and restaurant</w:t></w:r></w:p></w:tc></w:tr><w:tr w:rsidR="0058113F" w:rsidRPr="005D40E5" w14:paraId="23F6614E" w14:textId="77777777"><w:tc><w:tcPr><w:tcW w:w="1251" w:type="dxa"/></w:tcPr><w:p w14:paraId="6A75302C" w14:textId="77777777" w:rsidR="0058113F" w:rsidRPr="005D40E5" w:rsidRDefault="0058113F" w:rsidP="005D40E5"><w:r w:rsidRPr="005D40E5"><w:t>Title Image</w:t></w:r></w:p></w:tc><w:tc><w:tcPr><w:tcW w:w="4527" w:type="dxa"/></w:tcPr><w:p w14:paraId="2CC5F89A" w14:textId="578A43F1" w:rsidR="0058113F" w:rsidRPr="005D40E5" w:rsidRDefault="0036235F" w:rsidP="005D40E5"><w:r><w:rPr><w:noProof/></w:rPr><w:drawing><wp:inline distT="0" distB="0" distL="0" distR="0" wp14:anchorId="6E5D5FB2" wp14:editId="42EF2B0F"><wp:extent cx="2564284" cy="1709420"/><wp:effectExtent l="0" t="0" r="1270" b="0"/><wp:docPr id="4" name="Picture 4"/><wp:cNvGraphicFramePr><a:graphicFrameLocks xmlns:a="http://schemas.openxmlformats.org/drawingml/2006/main" noChangeAspect="1"/></wp:cNvGraphicFramePr><a:graphic xmlns:a="http://schemas.openxmlformats.org/drawingml/2006/main"><a:graphicData uri="http://schemas.openxmlformats.org/drawingml/2006/picture"><pic:pic xmlns:pic="http://schemas.openxmlformats.org/drawingml/2006/picture"><pic:nvPicPr><pic:cNvPr id="0" name="hill-view-bathoom-iii-1.jpg"/><pic:cNvPicPr/></pic:nvPicPr><pic:blipFill><a:blip r:embed="rId8"><a:extLst><a:ext uri="{28A0092B-C50C-407E-A947-70E740481C1C}"><a14:useLocalDpi xmlns:a14="http://schemas.microsoft.com/office/drawing/2010/main" val="0"/></a:ext></a:extLst></a:blip><a:stretch><a:fillRect/></a:stretch></pic:blipFill><pic:spPr><a:xfrm><a:off x="0" y="0"/><a:ext cx="2564284" cy="1709420"/></a:xfrm><a:prstGeom prst="rect"><a:avLst/></a:prstGeom></pic:spPr></pic:pic></a:graphicData></a:graphic></wp:inline></w:drawing></w:r></w:p></w:tc><w:tc><w:tcPr><w:tcW w:w="2738" w:type="dxa"/></w:tcPr><w:p w14:paraId="41DF0602" w14:textId="77777777" w:rsidR="0058113F" w:rsidRPr="005D40E5" w:rsidRDefault="006F0170" w:rsidP="005D40E5"><w:r w:rsidRPr="006F0170"><w:t>Please attach a Title image to the article. This will be saved as image set in the CMS.</w:t></w:r></w:p></w:tc></w:tr></w:tbl><w:p w14:paraId="3DFFBA5D" w14:textId="77777777" w:rsidR="002F18AE" w:rsidRDefault="002F18AE"/><w:p w14:paraId="169D5123" w14:textId="77777777" w:rsidR="007F24B3" w:rsidRDefault="007F24B3"/><w:p w14:paraId="14A77482" w14:textId="77777777" w:rsidR="0036235F" w:rsidRPr="0036235F" w:rsidRDefault="0036235F" w:rsidP="0036235F"><w:r w:rsidRPr="0036235F"><w:t>We received a series of interesting bathroom projects designed by Blanca Sanchez of Halo Design Interiors. Here are some words from the designers about the interiors presented below: “These bathrooms were designed for two large residential mansions in one of the most exclusive residential housing areas of the United Kingdom. Both houses have classical neo-Georgian exteriors, with imposing front elevations. Both were built high on a hill, with extensive views over the surrounding estate, with views as far reaching as 25 miles away. However, this is where the similarity between the two houses ends. The younger clients of the first house wanted a clear contemporary edge to the interiors of the project, including the bathrooms.</w:t></w:r></w:p><w:p w14:paraId="127940D6" w14:textId="77777777" w:rsidR="0036235F" w:rsidRPr="0036235F" w:rsidRDefault="0036235F" w:rsidP="0036235F"><w:r w:rsidRPr="0036235F"><w:t xml:space="preserve">We </w:t></w:r><w:proofErr w:type="spellStart"/><w:r w:rsidRPr="0036235F"><w:t>focussed</w:t></w:r><w:proofErr w:type="spellEnd"/><w:r w:rsidRPr="0036235F"><w:t xml:space="preserve"> on using timeless materials and highly skilled craftsmen to create bathrooms which were not only reminiscent of the most exclusive hotels in the world, but were also comfortable and welcoming for this young family. The main cloakroom was a feature room, with a wall completely clad in horizontal </w:t></w:r><w:proofErr w:type="spellStart"/><w:r w:rsidRPr="0036235F"><w:t>bevelled</w:t></w:r><w:proofErr w:type="spellEnd"/><w:r w:rsidRPr="0036235F"><w:t xml:space="preserve"> </w:t></w:r><w:proofErr w:type="spellStart"/><w:r w:rsidRPr="0036235F"><w:t>mirro</w:t></w:r><w:proofErr w:type="spellEnd"/><w:r w:rsidRPr="0036235F"><w:t xml:space="preserve">, reflecting a bespoke linear design composite stone basin, overlooked by a cluster of sparkling Swarovski </w:t></w:r><w:proofErr w:type="spellStart"/><w:proofErr w:type="gramStart"/><w:r w:rsidRPr="0036235F"><w:t>downlights.By</w:t></w:r><w:proofErr w:type="spellEnd"/><w:proofErr w:type="gramEnd"/><w:r w:rsidRPr="0036235F"><w:t xml:space="preserve"> contrast, the other project was driven more by the clients desire to reflect its classical roots, but again with an up to date edge. The master bathrooms hark back to the art deco era, with the finest veneers and shadow-gap detailing, complimented by solid stone detailing. The rest of the bathrooms flowed from this, bringing in warm wood veneers such as walnut and oak and feature porcelain, with small pebbles encased in resin in one room and metallic mock crocodile skin effect in another”. We would like to know which one’s your favorite and </w:t></w:r><w:proofErr w:type="gramStart"/><w:r w:rsidRPr="0036235F"><w:t>why-let</w:t></w:r><w:proofErr w:type="gramEnd"/><w:r w:rsidRPr="0036235F"><w:t>’s get the discussion started.</w:t></w:r></w:p><w:p w14:paraId="64898CC4" w14:textId="77777777" w:rsidR="0036235F" w:rsidRDefault="0036235F" w:rsidP="0056789E"><w:pPr><w:rPr><w:noProof/></w:rPr></w:pPr></w:p><w:p w14:paraId="0BEA2A53" w14:textId="77777777" w:rsidR="0036235F" w:rsidRDefault="0036235F" w:rsidP="0056789E"><w:pPr><w:rPr><w:noProof/></w:rPr></w:pPr></w:p><w:p w14:paraId="203CBA74" w14:textId="76EA3666" w:rsidR="0058113F" w:rsidRPr="0056789E" w:rsidRDefault="0036235F" w:rsidP="0058113F"><w:bookmarkStart w:id="0" w:name="_GoBack"/><w:r><w:rPr><w:noProof/></w:rPr><w:drawing><wp:inline distT="0" distB="0" distL="0" distR="0" wp14:anchorId="1235D67A" wp14:editId="0CCC8C5D"><wp:extent cx="5270500" cy="3513455"/><wp:effectExtent l="0" t="0" r="12700" b="0"/><wp:docPr id="5" name="Picture 5"/><wp:cNvGraphicFramePr><a:graphicFrameLocks xmlns:a="http://schemas.openxmlformats.org/drawingml/2006/main" noChangeAspect="1"/></wp:cNvGraphicFramePr><a:graphic xmlns:a="http://schemas.openxmlformats.org/drawingml/2006/main"><a:graphicData uri="http://schemas.openxmlformats.org/drawingml/2006/picture"><pic:pic xmlns:pic="http://schemas.openxmlformats.org/drawingml/2006/picture"><pic:nvPicPr><pic:cNvPr id="0" name="hill-view-bathroom-i-4.jpg"/><pic:cNvPicPr/></pic:nvPicPr><pic:blipFill><a:blip r:embed="rId9"><a:extLst><a:ext uri="{28A0092B-C50C-407E-A947-70E740481C1C}"><a14:useLocalDpi xmlns:a14="http://schemas.microsoft.com/office/drawing/2010/main" val="0"/></a:ext></a:extLst></a:blip><a:stretch><a:fillRect/></a:stretch></pic:blipFill><pic:spPr><a:xfrm><a:off x="0" y="0"/><a:ext cx="5270500" cy="3513455"/></a:xfrm><a:prstGeom prst="rect"><a:avLst/></a:prstGeom></pic:spPr></pic:pic></a:graphicData></a:graphic></wp:inline></w:drawing></w:r><w:bookmarkEnd w:id="0"/></w:p><w:sectPr w:rsidR="0058113F" w:rsidRPr="0056789E" w:rsidSect="004F57FC"><w:pgSz w:w="11900" w:h="16840"/><w:pgMar w:top="1440" w:right="1800" w:bottom="1440" w:left="1800" w:header="708" w:footer="708" w:gutter="0"/><w:cols w:space="708"/><w:docGrid w:linePitch="360"/></w:sectPr></w:body></w:document>