<?xml version="1.0" encoding="UTF-8" standalone="yes"?>
<w:fonts xmlns:mc="http://schemas.openxmlformats.org/markup-compatibility/2006" xmlns:r="http://schemas.openxmlformats.org/officeDocument/2006/relationships" xmlns:w="http://schemas.openxmlformats.org/wordprocessingml/2006/main" xmlns:w14="http://schemas.microsoft.com/office/word/2010/wordml" mc:Ignorable="w14"><w:font w:name="Symbol"><w:panose1 w:val="00000000000000000000"/><w:charset w:val="02"/><w:family w:val="auto"/><w:pitch w:val="variable"/><w:sig w:usb0="00000000" w:usb1="10000000" w:usb2="00000000" w:usb3="00000000" w:csb0="80000000" w:csb1="00000000"/></w:font><w:font w:name="Times New Roman"><w:panose1 w:val="02020603050405020304"/><w:charset w:val="00"/><w:family w:val="auto"/><w:pitch w:val="variable"/><w:sig w:usb0="E0002AFF" w:usb1="C0007841" w:usb2="00000009" w:usb3="00000000" w:csb0="000001FF" w:csb1="00000000"/></w:font><w:font w:name="Courier New"><w:panose1 w:val="02070309020205020404"/><w:charset w:val="00"/><w:family w:val="auto"/><w:pitch w:val="variable"/><w:sig w:usb0="E0002AFF" w:usb1="C0007843" w:usb2="00000009" w:usb3="00000000" w:csb0="000001FF" w:csb1="00000000"/></w:font><w:font w:name="Wingdings"><w:panose1 w:val="05000000000000000000"/><w:charset w:val="02"/><w:family w:val="auto"/><w:pitch w:val="variable"/><w:sig w:usb0="00000000" w:usb1="10000000" w:usb2="00000000" w:usb3="00000000" w:csb0="80000000" w:csb1="00000000"/></w:font><w:font w:name="Cambria"><w:panose1 w:val="02040503050406030204"/><w:charset w:val="00"/><w:family w:val="auto"/><w:pitch w:val="variable"/><w:sig w:usb0="E00002FF" w:usb1="400004FF" w:usb2="00000000" w:usb3="00000000" w:csb0="0000019F" w:csb1="00000000"/></w:font><w:font w:name="ＭＳ 明朝"><w:charset w:val="4E"/><w:family w:val="auto"/><w:pitch w:val="variable"/><w:sig w:usb0="E00002FF" w:usb1="6AC7FDFB" w:usb2="00000012" w:usb3="00000000" w:csb0="0002009F" w:csb1="00000000"/></w:font><w:font w:name="Arial"><w:panose1 w:val="020B0604020202020204"/><w:charset w:val="00"/><w:family w:val="auto"/><w:pitch w:val="variable"/><w:sig w:usb0="E0002AFF" w:usb1="C0007843" w:usb2="00000009" w:usb3="00000000" w:csb0="000001FF" w:csb1="00000000"/></w:font><w:font w:name="Liberation Serif"><w:altName w:val="Times New Roman"/><w:charset w:val="80"/><w:family w:val="roman"/><w:pitch w:val="variable"/></w:font><w:font w:name="DejaVu Sans"><w:panose1 w:val="00000000000000000000"/><w:charset w:val="00"/><w:family w:val="roman"/><w:notTrueType/><w:pitch w:val="default"/></w:font><w:font w:name="Lohit Hindi"><w:panose1 w:val="00000000000000000000"/><w:charset w:val="00"/><w:family w:val="roman"/><w:notTrueType/><w:pitch w:val="default"/></w:font><w:font w:name="Lucida Grande"><w:panose1 w:val="020B0600040502020204"/><w:charset w:val="00"/><w:family w:val="auto"/><w:pitch w:val="variable"/><w:sig w:usb0="E1000AEF" w:usb1="5000A1FF" w:usb2="00000000" w:usb3="00000000" w:csb0="000001BF" w:csb1="00000000"/></w:font><w:font w:name="ＭＳ ゴシック"><w:charset w:val="4E"/><w:family w:val="auto"/><w:pitch w:val="variable"/><w:sig w:usb0="E00002FF" w:usb1="6AC7FDFB" w:usb2="00000012" w:usb3="00000000" w:csb0="0002009F" w:csb1="00000000"/></w:font><w:font w:name="Calibri"><w:panose1 w:val="020F0502020204030204"/><w:charset w:val="00"/><w:family w:val="auto"/><w:pitch w:val="variable"/><w:sig w:usb0="E10002FF" w:usb1="4000ACFF" w:usb2="00000009" w:usb3="00000000" w:csb0="0000019F" w:csb1="00000000"/></w:font></w:fonts>