<?xml version="1.0" encoding="UTF-8" standalone="yes"?>
<w:webSettings xmlns:mc="http://schemas.openxmlformats.org/markup-compatibility/2006" xmlns:r="http://schemas.openxmlformats.org/officeDocument/2006/relationships" xmlns:w="http://schemas.openxmlformats.org/wordprocessingml/2006/main" xmlns:w14="http://schemas.microsoft.com/office/word/2010/wordml" mc:Ignorable="w14"><w:divs><w:div w:id="72170826"><w:bodyDiv w:val="1"/><w:marLeft w:val="0"/><w:marRight w:val="0"/><w:marTop w:val="0"/><w:marBottom w:val="0"/><w:divBdr><w:top w:val="none" w:sz="0" w:space="0" w:color="auto"/><w:left w:val="none" w:sz="0" w:space="0" w:color="auto"/><w:bottom w:val="none" w:sz="0" w:space="0" w:color="auto"/><w:right w:val="none" w:sz="0" w:space="0" w:color="auto"/></w:divBdr></w:div><w:div w:id="217789330"><w:bodyDiv w:val="1"/><w:marLeft w:val="0"/><w:marRight w:val="0"/><w:marTop w:val="0"/><w:marBottom w:val="0"/><w:divBdr><w:top w:val="none" w:sz="0" w:space="0" w:color="auto"/><w:left w:val="none" w:sz="0" w:space="0" w:color="auto"/><w:bottom w:val="none" w:sz="0" w:space="0" w:color="auto"/><w:right w:val="none" w:sz="0" w:space="0" w:color="auto"/></w:divBdr></w:div><w:div w:id="324549066"><w:bodyDiv w:val="1"/><w:marLeft w:val="0"/><w:marRight w:val="0"/><w:marTop w:val="0"/><w:marBottom w:val="0"/><w:divBdr><w:top w:val="none" w:sz="0" w:space="0" w:color="auto"/><w:left w:val="none" w:sz="0" w:space="0" w:color="auto"/><w:bottom w:val="none" w:sz="0" w:space="0" w:color="auto"/><w:right w:val="none" w:sz="0" w:space="0" w:color="auto"/></w:divBdr></w:div><w:div w:id="773595933"><w:bodyDiv w:val="1"/><w:marLeft w:val="0"/><w:marRight w:val="0"/><w:marTop w:val="0"/><w:marBottom w:val="0"/><w:divBdr><w:top w:val="none" w:sz="0" w:space="0" w:color="auto"/><w:left w:val="none" w:sz="0" w:space="0" w:color="auto"/><w:bottom w:val="none" w:sz="0" w:space="0" w:color="auto"/><w:right w:val="none" w:sz="0" w:space="0" w:color="auto"/></w:divBdr></w:div><w:div w:id="1161848038"><w:bodyDiv w:val="1"/><w:marLeft w:val="0"/><w:marRight w:val="0"/><w:marTop w:val="0"/><w:marBottom w:val="0"/><w:divBdr><w:top w:val="none" w:sz="0" w:space="0" w:color="auto"/><w:left w:val="none" w:sz="0" w:space="0" w:color="auto"/><w:bottom w:val="none" w:sz="0" w:space="0" w:color="auto"/><w:right w:val="none" w:sz="0" w:space="0" w:color="auto"/></w:divBdr></w:div><w:div w:id="1162240053"><w:bodyDiv w:val="1"/><w:marLeft w:val="0"/><w:marRight w:val="0"/><w:marTop w:val="0"/><w:marBottom w:val="0"/><w:divBdr><w:top w:val="none" w:sz="0" w:space="0" w:color="auto"/><w:left w:val="none" w:sz="0" w:space="0" w:color="auto"/><w:bottom w:val="none" w:sz="0" w:space="0" w:color="auto"/><w:right w:val="none" w:sz="0" w:space="0" w:color="auto"/></w:divBdr></w:div><w:div w:id="1223638551"><w:bodyDiv w:val="1"/><w:marLeft w:val="0"/><w:marRight w:val="0"/><w:marTop w:val="0"/><w:marBottom w:val="0"/><w:divBdr><w:top w:val="none" w:sz="0" w:space="0" w:color="auto"/><w:left w:val="none" w:sz="0" w:space="0" w:color="auto"/><w:bottom w:val="none" w:sz="0" w:space="0" w:color="auto"/><w:right w:val="none" w:sz="0" w:space="0" w:color="auto"/></w:divBdr></w:div><w:div w:id="1485585235"><w:bodyDiv w:val="1"/><w:marLeft w:val="0"/><w:marRight w:val="0"/><w:marTop w:val="0"/><w:marBottom w:val="0"/><w:divBdr><w:top w:val="none" w:sz="0" w:space="0" w:color="auto"/><w:left w:val="none" w:sz="0" w:space="0" w:color="auto"/><w:bottom w:val="none" w:sz="0" w:space="0" w:color="auto"/><w:right w:val="none" w:sz="0" w:space="0" w:color="auto"/></w:divBdr></w:div><w:div w:id="1799301724"><w:bodyDiv w:val="1"/><w:marLeft w:val="0"/><w:marRight w:val="0"/><w:marTop w:val="0"/><w:marBottom w:val="0"/><w:divBdr><w:top w:val="none" w:sz="0" w:space="0" w:color="auto"/><w:left w:val="none" w:sz="0" w:space="0" w:color="auto"/><w:bottom w:val="none" w:sz="0" w:space="0" w:color="auto"/><w:right w:val="none" w:sz="0" w:space="0" w:color="auto"/></w:divBdr></w:div><w:div w:id="1902056664"><w:bodyDiv w:val="1"/><w:marLeft w:val="0"/><w:marRight w:val="0"/><w:marTop w:val="0"/><w:marBottom w:val="0"/><w:divBdr><w:top w:val="none" w:sz="0" w:space="0" w:color="auto"/><w:left w:val="none" w:sz="0" w:space="0" w:color="auto"/><w:bottom w:val="none" w:sz="0" w:space="0" w:color="auto"/><w:right w:val="none" w:sz="0" w:space="0" w:color="auto"/></w:divBdr></w:div></w:divs><w:allowPNG/><w:doNotSaveAsSingleFile/></w:webSettings>